{
  "T_start_F": 50.0,
  "T_step_F": 0.018,
  "N_temps": 8334,
  "alt_levels_m": [
    0,
    10,
    20,
    30,
    40,
    50,
    60,
    70,
    80,
    90,
    100,
    110,
    120,
    130,
    140,
    150,
    160,
    170,
    180,
    190,
    200,
    210,
    220,
    230,
    240,
    250,
    260,
    270,
    280,
    290,
    300,
    310,
    320,
    330,
    340,
    350,
    360,
    370,
    380,
    390,
    400,
    410,
    420,
    430,
    440,
    450,
    460,
    470,
    480,
    490,
    500,
    510,
    520,
    530,
    540,
    550,
    560,
    570,
    580,
    590,
    600,
    610,
    620,
    630,
    640,
    650,
    660,
    670,
    680,
    690,
    700,
    710,
    720,
    730,
    740,
    750,
    760,
    770,
    780,
    790,
    800,
    810,
    820,
    830,
    840,
    850,
    860,
    870,
    880,
    890,
    900,
    910,
    920,
    930,
    940,
    950,
    960,
    970,
    980,
    990,
    1000,
    1010,
    1020,
    1030,
    1040,
    1050,
    1060,
    1070,
    1080,
    1090,
    1100,
    1110,
    1120,
    1130,
    1140,
    1150,
    1160,
    1170,
    1180,
    1190,
    1200,
    1210,
    1220,
    1230,
    1240,
    1250,
    1260,
    1270,
    1280,
    1290,
    1300,
    1310,
    1320,
    1330,
    1340,
    1350,
    1360,
    1370,
    1380,
    1390,
    1400,
    1410,
    1420,
    1430,
    1440,
    1450,
    1460,
    1470,
    1480,
    1490,
    1500,
    1510,
    1520,
    1530,
    1540,
    1550,
    1560,
    1570,
    1580,
    1590,
    1600,
    1610,
    1620,
    1630,
    1640,
    1650,
    1660,
    1670,
    1680,
    1690,
    1700,
    1710,
    1720,
    1730,
    1740,
    1750,
    1760,
    1770,
    1780,
    1790,
    1800,
    1810,
    1820,
    1830,
    1840,
    1850,
    1860,
    1870,
    1880,
    1890,
    1900,
    1910,
    1920,
    1930,
    1940,
    1950,
    1960,
    1970,
    1980,
    1990,
    2000
  ],
  "P_levels_psi": [
    14.696,
    14.683105739356336,
    14.66554845431527,
    14.648009384109205,
    14.630488509397955,
    14.612985810868695,
    14.595501269235944,
    14.578034865241476,
    14.560586579654293,
    14.543156393270587,
    14.52574428691367,
    14.508350241433924,
    14.490974237708793,
    14.473616256642682,
    14.456276279166945,
    14.438954286239825,
    14.421650258846414,
    14.404364177998586,
    14.387096024734984,
    14.369845780120936,
    14.352613425248428,
    14.335398941236068,
    14.318202309229008,
    14.301023510398924,
    14.283862525943958,
    14.26671933708867,
    14.249593925084003,
    14.232486271207225,
    14.21539635676188,
    14.198324163077762,
    14.181269671510844,
    14.164232863443248,
    14.147213720283197,
    14.130212223464966,
    14.113228354448832,
    14.096262094721043,
    14.079313425793758,
    14.062382329205004,
    14.045468786518649,
    14.028572779324325,
    14.011694289237399,
    13.994833297898948,
    13.977989786975678,
    13.9611637381599,
    13.944355133169484,
    13.927563953747814,
    13.910790181663728,
    13.89403379871151,
    13.877294786710804,
    13.860573127506592,
    13.843868802969157,
    13.827181794994013,
    13.810512085501886,
    13.793859656438665,
    13.777224489775342,
    13.760606567507986,
    13.744005871657695,
    13.72742238427055,
    13.710856087417573,
    13.694306963194684,
    13.677774993722657,
    13.661260161147077,
    13.644762447638298,
    13.628281835391395,
    13.611818306626136,
    13.595371843586918,
    13.578942428542732,
    13.562530043787142,
    13.546134671638207,
    13.529756294438457,
    13.513394894554862,
    13.497050454378762,
    13.480722956325842,
    13.4644123828361,
    13.448118716373784,
    13.431841939427352,
    13.415582034509454,
    13.399338984156858,
    13.38311277093043,
    13.366903377415092,
    13.350710786219762,
    13.334534979977338,
    13.31837594134464,
    13.30223365300237,
    13.286108097655072,
    13.269999258031106,
    13.253907116882582,
    13.237831656985328,
    13.221772861138868,
    13.205730712166352,
    13.189705192914532,
    13.173696286253724,
    13.157703975077759,
    13.141728242303936,
    13.125769070873012,
    13.109826443749121,
    13.093900343919774,
    13.077990754395783,
    13.062097658211236,
    13.046221038423477,
    13.030360878113031,
    13.014517160383583,
    12.998689868361947,
    12.982878985198004,
    12.967084494064679,
    12.951306378157899,
    12.935544620696547,
    12.919799204922429,
    12.904070114100241,
    12.888357331517513,
    12.87266084048458,
    12.85698062433455,
    12.84131666642325,
    12.825668950129197,
    12.810037458853564,
    12.794422176020126,
    12.77882308507523,
    12.763240169487768,
    12.747673412749114,
    12.732122798373107,
    12.716588309896007,
    12.70106993087645,
    12.685567644895412,
    12.67008143555619,
    12.65461128648433,
    12.639157181327613,
    12.62371910375602,
    12.608297037461675,
    12.592890966158823,
    12.577500873583789,
    12.562126743494943,
    12.546768559672651,
    12.531426305919252,
    12.516099966059016,
    12.500789523938098,
    12.485494963424518,
    12.470216268408109,
    12.454953422800491,
    12.439706410535022,
    12.424475215566774,
    12.409259821872496,
    12.394060213450556,
    12.378876374320933,
    12.36370828852517,
    12.348555940126328,
    12.333419313208958,
    12.318298391879079,
    12.303193160264103,
    12.288103602512843,
    12.27302970279545,
    12.257971445303385,
    12.24292881424938,
    12.227901793867412,
    12.21289036841265,
    12.197894522161434,
    12.182914239411243,
    12.167949504480635,
    12.15300030170924,
    12.138066615457712,
    12.123148430107689,
    12.10824573006176,
    12.093358499743452,
    12.078486723597152,
    12.063630386088107,
    12.048789471702385,
    12.033963964946816,
    12.019153850348992,
    12.004359112457205,
    11.98957973584042,
    11.974815705088252,
    11.960067004810915,
    11.945333619639191,
    11.93061553422441,
    11.9159127332384,
    11.901225201373451,
    11.886552923342299,
    11.871895883878071,
    11.857254067734264,
    11.84262745968471,
    11.828016044523538,
    11.81341980706514,
    11.798838732144135,
    11.784272804615355,
    11.769722009353774,
    11.755186331254519,
    11.74066575523279,
    11.726160266223868,
    11.711669849183064,
    11.697194489085671,
    11.682734170926954,
    11.66828887972212,
    11.653858600506254,
    11.63944331833431,
    11.625043018281085,
    11.61065768544116,
    11.59628730492889,
    11.581931861878358,
    11.567591341443352,
    11.553265728797323,
    11.538955009133362,
    11.52465916766416
  ],
  "bin_file": "merkel_tables_10m_018F.bin"
}